timestamp,rtt_ms
2026-02-11 08:13:23.610822400+00:00,31.8
2026-02-11 08:13:23.810822400+00:00,37.4
2026-02-11 08:13:24.010822656+00:00,31.9
2026-02-11 08:13:24.210822400+00:00,28.6
2026-02-11 08:13:24.410822400+00:00,33.5
2026-02-11 08:13:24.610822400+00:00,35.6
2026-02-11 08:13:24.810822400+00:00,26.9
2026-02-11 08:13:25.010822656+00:00,27.8
2026-02-11 08:13:25.210822400+00:00,41.5
2026-02-11 08:13:25.410822400+00:00,31.5
2026-02-11 08:13:25.610822400+00:00,29.0
2026-02-11 08:13:25.810822400+00:00,28.0
2026-02-11 08:13:26.010822656+00:00,32.7
2026-02-11 08:13:26.210822400+00:00,34.2
2026-02-11 08:13:26.410822400+00:00,33.0
2026-02-11 08:13:26.610822400+00:00,40.0
2026-02-11 08:13:26.810822400+00:00,28.7
2026-02-11 08:13:27.010822656+00:00,37.5
2026-02-11 08:13:27.210822400+00:00,29.6
2026-02-11 08:13:27.410822400+00:00,28.9
2026-02-11 08:13:27.610822400+00:00,33.5
2026-02-11 08:13:27.810822400+00:00,33.5
2026-02-11 08:13:28.010822656+00:00,33.4
2026-02-11 08:13:28.210822400+00:00,33.1
2026-02-11 08:13:28.410822400+00:00,34.1
2026-02-11 08:13:28.610822400+00:00,29.3
2026-02-11 08:13:28.810822400+00:00,34.1
2026-02-11 08:13:29.010822656+00:00,31.3
2026-02-11 08:13:29.210822400+00:00,29.4
2026-02-11 08:13:29.410822400+00:00,28.5
2026-02-11 08:13:29.610822400+00:00,42.8
2026-02-11 08:13:29.810822400+00:00,41.8
2026-02-11 08:13:30.010822656+00:00,33.3
2026-02-11 08:13:30.210822400+00:00,28.5
2026-02-11 08:13:30.410822400+00:00,37.6
2026-02-11 08:13:30.610822400+00:00,38.8
2026-02-11 08:13:30.810822400+00:00,29.2
2026-02-11 08:13:31.010822656+00:00,27.2
2026-02-11 08:13:31.210822400+00:00,27.6
2026-02-11 08:13:31.410822400+00:00,35.8
2026-02-11 08:13:31.610822400+00:00,31.5
2026-02-11 08:13:31.810822400+00:00,35.2
2026-02-11 08:13:32.010822656+00:00,29.2
2026-02-11 08:13:32.210822400+00:00,27.6
2026-02-11 08:13:32.410822400+00:00,27.0
2026-02-11 08:13:32.610822400+00:00,28.7
2026-02-11 08:13:32.810822400+00:00,34.2
2026-02-11 08:13:33.010822656+00:00,28.7
2026-02-11 08:13:33.210822400+00:00,44.4
2026-02-11 08:13:33.410822400+00:00,33.8
2026-02-11 08:13:33.610822400+00:00,28.3
2026-02-11 08:13:33.810822400+00:00,34.4
2026-02-11 08:13:34.010822656+00:00,35.4
2026-02-11 08:13:34.210822400+00:00,33.9
2026-02-11 08:13:34.410822400+00:00,33.1
2026-02-11 08:13:34.610822400+00:00,26.0
2026-02-11 08:13:34.810822400+00:00,36.5
2026-02-11 08:13:35.010822656+00:00,36.2
2026-02-11 08:13:35.210822400+00:00,30.1
2026-02-11 08:13:35.410822400+00:00,29.1
2026-02-11 08:13:35.610822400+00:00,27.7
2026-02-11 08:13:35.810822400+00:00,34.2
2026-02-11 08:13:36.010822656+00:00,94.1
2026-02-11 08:13:36.210822400+00:00,46.4
2026-02-11 08:13:36.410822400+00:00,29.6
2026-02-11 08:13:36.610822400+00:00,39.9
2026-02-11 08:13:36.810822400+00:00,32.3
2026-02-11 08:13:37.010822656+00:00,54.1
2026-02-11 08:13:37.210822400+00:00,35.7
2026-02-11 08:13:37.410822400+00:00,42.1
2026-02-11 08:13:37.610822400+00:00,45.0
2026-02-11 08:13:37.810822400+00:00,44.9
2026-02-11 08:13:38.010822656+00:00,31.4
2026-02-11 08:13:38.210822400+00:00,34.0
2026-02-11 08:13:38.410822400+00:00,48.9
2026-02-11 08:13:38.610822400+00:00,34.2
2026-02-11 08:13:38.810822400+00:00,36.2
2026-02-11 08:13:39.010822656+00:00,42.3
2026-02-11 08:13:39.210822400+00:00,46.7
2026-02-11 08:13:39.410822400+00:00,37.6
2026-02-11 08:13:39.610822400+00:00,42.7
2026-02-11 08:13:39.810822400+00:00,27.4
2026-02-11 08:13:40.010822656+00:00,27.5
2026-02-11 08:13:40.210822400+00:00,35.3
2026-02-11 08:13:40.410822400+00:00,36.8
2026-02-11 08:13:40.610822400+00:00,27.9
2026-02-11 08:13:40.810822400+00:00,28.2
2026-02-11 08:13:41.010822656+00:00,28.0
2026-02-11 08:13:41.210822400+00:00,36.8
2026-02-11 08:13:41.410822400+00:00,26.4
2026-02-11 08:13:41.610822400+00:00,54.0
2026-02-11 08:13:41.810822400+00:00,47.2
2026-02-11 08:13:42.010822656+00:00,44.8
2026-02-11 08:13:42.210822400+00:00,45.5
2026-02-11 08:13:42.410822400+00:00,51.3
2026-02-11 08:13:42.610822400+00:00,31.9
2026-02-11 08:13:42.810822400+00:00,30.7
2026-02-11 08:13:43.010822656+00:00,31.6
2026-02-11 08:13:43.210822400+00:00,31.8
2026-02-11 08:13:43.410822400+00:00,39.7
2026-02-11 08:13:43.610822400+00:00,33.6
2026-02-11 08:13:43.810822400+00:00,26.9
2026-02-11 08:13:44.010822656+00:00,63.8
2026-02-11 08:13:44.210822400+00:00,36.5
2026-02-11 08:13:44.410822400+00:00,27.7
2026-02-11 08:13:44.610822400+00:00,27.5
2026-02-11 08:13:44.810822400+00:00,36.2
2026-02-11 08:13:45.010822656+00:00,57.5
2026-02-11 08:13:45.210822400+00:00,48.0
2026-02-11 08:13:45.410822400+00:00,51.4
2026-02-11 08:13:45.610822400+00:00,38.6
2026-02-11 08:13:45.810822400+00:00,32.0
2026-02-11 08:13:46.010822656+00:00,37.5
2026-02-11 08:13:46.210822400+00:00,37.5
2026-02-11 08:13:46.410822400+00:00,26.3
2026-02-11 08:13:46.610822400+00:00,39.5
2026-02-11 08:13:46.810822400+00:00,26.5
2026-02-11 08:13:47.010822656+00:00,32.2
2026-02-11 08:13:47.210822400+00:00,30.5
2026-02-11 08:13:47.410822400+00:00,28.5
2026-02-11 08:13:47.610822400+00:00,34.9
2026-02-11 08:13:47.810822400+00:00,33.8
2026-02-11 08:13:48.010822656+00:00,28.3
2026-02-11 08:13:48.210822400+00:00,32.5
2026-02-11 08:13:48.410822400+00:00,45.1
2026-02-11 08:13:48.610822400+00:00,44.5
2026-02-11 08:13:48.810822400+00:00,33.7
2026-02-11 08:13:49.010822656+00:00,46.4
2026-02-11 08:13:49.210822400+00:00,34.4
2026-02-11 08:13:49.410822400+00:00,40.4
2026-02-11 08:13:49.610822400+00:00,34.2
2026-02-11 08:13:49.810822400+00:00,41.8
2026-02-11 08:13:50.010822656+00:00,48.4
2026-02-11 08:13:50.210822400+00:00,35.9
2026-02-11 08:13:50.410822400+00:00,51.3
2026-02-11 08:13:50.610822400+00:00,36.8
2026-02-11 08:13:50.810822400+00:00,29.1
2026-02-11 08:13:51.010822656+00:00,51.4
2026-02-11 08:13:51.210822400+00:00,35.6
2026-02-11 08:13:51.410822400+00:00,41.6
2026-02-11 08:13:51.610822400+00:00,30.7
2026-02-11 08:13:51.810822400+00:00,35.4
2026-02-11 08:13:52.010822656+00:00,53.0
2026-02-11 08:13:52.210822400+00:00,37.3
2026-02-11 08:13:52.410822400+00:00,38.7
2026-02-11 08:13:52.610822400+00:00,35.8
2026-02-11 08:13:52.810822400+00:00,52.2
2026-02-11 08:13:53.010822656+00:00,31.7
2026-02-11 08:13:53.210822400+00:00,36.5
2026-02-11 08:13:53.410822400+00:00,66.5
2026-02-11 08:13:53.610822400+00:00,36.4
2026-02-11 08:13:53.810822400+00:00,48.8
2026-02-11 08:13:54.010822656+00:00,30.7
2026-02-11 08:13:54.210822400+00:00,29.4
2026-02-11 08:13:54.410822400+00:00,41.1
2026-02-11 08:13:54.610822400+00:00,27.9
2026-02-11 08:13:54.810822400+00:00,31.3
2026-02-11 08:13:55.010822656+00:00,38.3
2026-02-11 08:13:55.210822400+00:00,32.0
2026-02-11 08:13:55.410822400+00:00,33.3
2026-02-11 08:13:55.610822400+00:00,37.4
2026-02-11 08:13:56.010822656+00:00,4097.0
2026-02-11 08:13:56.210822400+00:00,3165.0
2026-02-11 08:13:56.410822400+00:00,2228.0
2026-02-11 08:13:56.610822400+00:00,1229.0
2026-02-11 08:13:56.810822400+00:00,986.0
2026-02-11 08:13:57.010822656+00:00,759.0
2026-02-11 08:13:57.210822400+00:00,473.0
2026-02-11 08:13:57.410822400+00:00,283.0
2026-02-11 08:13:57.610822400+00:00,91.0
2026-02-11 08:13:57.810822400+00:00,168.0
2026-02-11 08:13:58.010822656+00:00,344.0
2026-02-11 08:13:58.210822400+00:00,537.0
2026-02-11 08:13:58.410822400+00:00,704.0
2026-02-11 08:13:58.610822400+00:00,906.0
2026-02-11 08:13:58.810822400+00:00,1083.0
2026-02-11 08:13:59.010822656+00:00,1280.0
2026-02-11 08:13:59.210822400+00:00,1458.0
2026-02-11 08:13:59.410822400+00:00,1635.0
2026-02-11 08:13:59.610822400+00:00,1819.0
2026-02-11 08:13:59.810822400+00:00,2008.0
2026-02-11 08:14:00.010822656+00:00,2158.0
2026-02-11 08:14:00.210822400+00:00,2333.0
2026-02-11 08:14:00.410822400+00:00,2499.0
2026-02-11 08:14:00.610822400+00:00,2610.0
2026-02-11 08:14:01.410822400+00:00,3111.0
2026-02-11 08:14:01.610822400+00:00,3240.0
2026-02-11 08:14:02.210822400+00:00,3581.0
2026-02-11 08:14:02.810822400+00:00,3825.0
2026-02-11 08:14:03.010822656+00:00,3928.0
2026-02-11 08:14:03.210822400+00:00,3980.0
2026-02-11 08:14:03.410822400+00:00,4076.0
2026-02-11 08:14:03.810822400+00:00,4269.0
2026-02-11 08:14:04.410822400+00:00,4528.0
2026-02-11 08:14:04.810822400+00:00,4704.0
2026-02-11 08:14:05.010822656+00:00,4787.0
2026-02-11 08:14:05.410822400+00:00,4869.0
2026-02-11 08:14:05.610822400+00:00,4927.0
2026-02-11 08:14:05.810822400+00:00,4969.0
2026-02-11 08:14:06.210822400+00:00,5078.0
2026-02-11 08:14:06.610822400+00:00,5197.0
2026-02-11 08:14:06.810822400+00:00,5233.0
2026-02-11 08:14:07.010822656+00:00,5268.0
2026-02-11 08:14:07.610822400+00:00,5406.0
2026-02-11 08:14:08.010822656+00:00,5473.0
2026-02-11 08:14:09.010822656+00:00,5732.0
2026-02-11 08:14:09.810822400+00:00,5865.0
2026-02-11 08:14:10.410822400+00:00,6045.0
2026-02-11 08:14:10.610822400+00:00,6068.0
2026-02-11 08:14:11.410822400+00:00,6234.0
2026-02-11 08:14:11.610822400+00:00,6234.0
2026-02-11 08:14:11.810822400+00:00,6253.0
2026-02-11 08:14:12.410822400+00:00,6313.0
2026-02-11 08:14:13.010822656+00:00,6394.0
2026-02-11 08:14:13.210822400+00:00,6411.0
2026-02-11 08:14:14.010822656+00:00,6541.0
2026-02-11 08:14:14.410822400+00:00,6580.0
2026-02-11 08:14:16.010822656+00:00,6726.0
2026-02-11 08:14:16.210822400+00:00,6762.0
2026-02-11 08:14:16.410822400+00:00,6776.0
2026-02-11 08:14:18.410822400+00:00,5884.0
2026-02-11 08:14:19.410822400+00:00,5473.0
2026-02-11 08:14:19.610822400+00:00,5467.0
2026-02-11 08:14:24.410822400+00:00,741.0
2026-02-11 08:14:24.610822400+00:00,537.0
2026-02-11 08:14:24.810822400+00:00,405.0
2026-02-11 08:14:25.010822656+00:00,206.0
2026-02-11 08:14:25.210822400+00:00,111.0
2026-02-11 08:14:25.410822400+00:00,75.7
2026-02-11 08:14:25.610822400+00:00,28.4
2026-02-11 08:14:25.810822400+00:00,27.5
2026-02-11 08:14:26.010822656+00:00,29.9
2026-02-11 08:14:26.210822400+00:00,31.0
2026-02-11 08:14:26.410822400+00:00,31.9
2026-02-11 08:14:26.610822400+00:00,30.9
2026-02-11 08:14:26.810822400+00:00,33.5
2026-02-11 08:14:27.010822656+00:00,34.6
2026-02-11 08:14:27.210822400+00:00,35.9
2026-02-11 08:14:27.410822400+00:00,35.0
2026-02-11 08:14:27.610822400+00:00,9890.0
2026-02-11 08:14:30.010822656+00:00,14102.0
2026-02-11 08:14:31.610822400+00:00,8524.0
2026-02-11 08:14:31.810822400+00:00,7524.0
2026-02-11 08:14:32.010822656+00:00,6526.0
2026-02-11 08:14:32.210822400+00:00,5525.0
2026-02-11 08:14:32.410822400+00:00,4527.0
2026-02-11 08:14:32.610822400+00:00,3498.0
2026-02-11 08:14:32.810822400+00:00,2532.0
2026-02-11 08:14:33.010822656+00:00,1526.0
2026-02-11 08:14:33.210822400+00:00,531.0
2026-02-11 08:14:33.410822400+00:00,348.0
2026-02-11 08:14:33.610822400+00:00,146.0
2026-02-11 08:14:33.810822400+00:00,29.6
2026-02-11 08:14:34.010822656+00:00,35.5
2026-02-11 08:14:34.210822400+00:00,30.4
2026-02-11 08:14:34.410822400+00:00,34.3
2026-02-11 08:14:34.610822400+00:00,36.5
2026-02-11 08:14:34.810822400+00:00,31.6
2026-02-11 08:14:35.010822656+00:00,31.3
2026-02-11 08:14:35.210822400+00:00,32.3
2026-02-11 08:14:35.410822400+00:00,31.9
2026-02-11 08:14:35.610822400+00:00,29.8
2026-02-11 08:14:35.810822400+00:00,27.6
2026-02-11 08:14:36.010822656+00:00,30.6
2026-02-11 08:14:36.210822400+00:00,34.5
2026-02-11 08:14:36.410822400+00:00,36.5
2026-02-11 08:14:36.610822400+00:00,33.1
2026-02-11 08:14:36.810822400+00:00,27.4
2026-02-11 08:14:37.010822656+00:00,2111.0
2026-02-11 08:14:37.210822400+00:00,4810.0
2026-02-11 08:14:37.410822400+00:00,9122.0
2026-02-11 08:14:37.610822400+00:00,8591.0
2026-02-11 08:14:37.810822400+00:00,8413.0
2026-02-11 08:14:38.010822656+00:00,7402.0
2026-02-11 08:14:38.210822400+00:00,6315.0
2026-02-11 08:14:38.410822400+00:00,5442.0
2026-02-11 08:14:38.610822400+00:00,4440.0
2026-02-11 08:14:38.810822400+00:00,3463.0
2026-02-11 08:14:39.010822656+00:00,2467.0
2026-02-11 08:14:39.210822400+00:00,2286.0
2026-02-11 08:14:39.410822400+00:00,1490.0
2026-02-11 08:14:39.610822400+00:00,611.0
2026-02-11 08:14:39.810822400+00:00,1917.0
2026-02-11 08:14:40.010822656+00:00,1990.0
2026-02-11 08:14:40.410822400+00:00,2058.0
2026-02-11 08:14:41.010822656+00:00,2025.0
2026-02-11 08:14:41.210822400+00:00,2092.0
2026-02-11 08:14:41.410822400+00:00,1938.0
2026-02-11 08:14:41.610822400+00:00,1856.0
2026-02-11 08:14:41.810822400+00:00,1707.0
2026-02-11 08:14:42.010822656+00:00,1362.0
2026-02-11 08:14:42.210822400+00:00,1158.0
2026-02-11 08:14:42.410822400+00:00,1183.0
2026-02-11 08:14:42.610822400+00:00,978.0
2026-02-11 08:14:42.810822400+00:00,1497.0
2026-02-11 08:14:43.010822656+00:00,1434.0
2026-02-11 08:14:43.210822400+00:00,1144.0
2026-02-11 08:14:43.410822400+00:00,916.0
2026-02-11 08:14:43.610822400+00:00,591.0
2026-02-11 08:14:43.810822400+00:00,391.0
2026-02-11 08:14:44.010822656+00:00,194.0
2026-02-11 08:14:44.210822400+00:00,38.1
2026-02-11 08:14:44.410822400+00:00,198.0
2026-02-11 08:14:44.610822400+00:00,133.0
2026-02-11 08:14:47.610822400+00:00,3353.0
2026-02-11 08:14:47.810822400+00:00,3150.0
2026-02-11 08:14:48.410822400+00:00,1029.0
2026-02-11 08:14:48.610822400+00:00,838.0
2026-02-11 08:14:48.810822400+00:00,640.0
2026-02-11 08:14:49.010822656+00:00,107.0
2026-02-11 08:14:49.810822400+00:00,2462.0
2026-02-11 08:14:50.010822656+00:00,1413.0
2026-02-11 08:14:50.210822400+00:00,925.0
2026-02-11 08:14:50.410822400+00:00,529.0
2026-02-11 08:14:50.610822400+00:00,335.0
2026-02-11 08:14:50.810822400+00:00,128.0
2026-02-11 08:14:51.010822656+00:00,59.2
2026-02-11 08:14:52.210822400+00:00,631.0
2026-02-11 08:14:52.410822400+00:00,426.0
2026-02-11 08:14:52.610822400+00:00,226.0
2026-02-11 08:14:52.810822400+00:00,32.0
2026-02-11 08:14:53.010822656+00:00,29.9
2026-02-11 08:14:53.210822400+00:00,30.8
2026-02-11 08:14:53.410822400+00:00,33.6
2026-02-11 08:14:53.610822400+00:00,36.2
2026-02-11 08:14:53.810822400+00:00,37.1
2026-02-11 08:14:54.010822656+00:00,29.8
2026-02-11 08:14:54.210822400+00:00,36.9
2026-02-11 08:14:54.410822400+00:00,28.3
2026-02-11 08:14:54.610822400+00:00,28.1
2026-02-11 08:14:54.810822400+00:00,41.7
2026-02-11 08:14:55.010822656+00:00,53.0
2026-02-11 08:14:55.210822400+00:00,48.4
2026-02-11 08:14:55.410822400+00:00,41.7
2026-02-11 08:14:55.610822400+00:00,60.3
2026-02-11 08:14:55.810822400+00:00,52.2
2026-02-11 08:14:56.010822656+00:00,64.0
2026-02-11 08:14:56.210822400+00:00,50.6
2026-02-11 08:14:56.410822400+00:00,173.0
2026-02-11 08:14:56.610822400+00:00,31.4
2026-02-11 08:14:56.810822400+00:00,77.6
2026-02-11 08:14:57.010822656+00:00,867.0
2026-02-11 08:14:57.210822400+00:00,1580.0
2026-02-11 08:14:57.610822400+00:00,3394.0
2026-02-11 08:14:58.210822400+00:00,3551.0
2026-02-11 08:15:00.410822400+00:00,4198.0
2026-02-11 08:15:00.810822400+00:00,3383.0
2026-02-11 08:15:01.010822656+00:00,2763.0
2026-02-11 08:15:01.210822400+00:00,2732.0
2026-02-11 08:15:01.410822400+00:00,2552.0
2026-02-11 08:15:01.610822400+00:00,2278.0
2026-02-11 08:15:01.810822400+00:00,2155.0
2026-02-11 08:15:02.010822656+00:00,1227.0
2026-02-11 08:15:02.210822400+00:00,1015.0
2026-02-11 08:15:02.410822400+00:00,531.0
2026-02-11 08:15:02.610822400+00:00,366.0
2026-02-11 08:15:02.810822400+00:00,165.0
2026-02-11 08:15:03.010822656+00:00,77.2
2026-02-11 08:15:04.010822656+00:00,1658.0
2026-02-11 08:15:04.210822400+00:00,665.0
2026-02-11 08:15:04.410822400+00:00,462.0
2026-02-11 08:15:04.610822400+00:00,240.0
2026-02-11 08:15:04.810822400+00:00,48.0
2026-02-11 08:15:05.010822656+00:00,550.0
2026-02-11 08:15:05.210822400+00:00,513.0
2026-02-11 08:15:05.410822400+00:00,766.0
2026-02-11 08:15:05.610822400+00:00,952.0
2026-02-11 08:15:05.810822400+00:00,1177.0
2026-02-11 08:15:06.010822656+00:00,1476.0
2026-02-11 08:15:09.210822400+00:00,2481.0
2026-02-11 08:15:09.410822400+00:00,1473.0
2026-02-11 08:15:09.610822400+00:00,852.0
2026-02-11 08:15:09.810822400+00:00,647.0
2026-02-11 08:15:10.010822656+00:00,442.0
2026-02-11 08:15:10.210822400+00:00,242.0
2026-02-11 08:15:10.410822400+00:00,40.4
2026-02-11 08:15:10.610822400+00:00,61.0
2026-02-11 08:15:10.810822400+00:00,331.0
2026-02-11 08:15:14.410822400+00:00,1422.0
2026-02-11 08:15:14.610822400+00:00,1217.0
2026-02-11 08:15:14.810822400+00:00,849.0
2026-02-11 08:15:15.010822656+00:00,648.0
2026-02-11 08:15:15.210822400+00:00,430.0
2026-02-11 08:15:15.410822400+00:00,232.0
2026-02-11 08:15:15.610822400+00:00,170.0
2026-02-11 08:15:15.810822400+00:00,4333.0
2026-02-11 08:15:16.010822656+00:00,4124.0
2026-02-11 08:15:16.410822400+00:00,2739.0
2026-02-11 08:15:16.610822400+00:00,2522.0
2026-02-11 08:15:16.810822400+00:00,2148.0
2026-02-11 08:15:17.010822656+00:00,1184.0
2026-02-11 08:15:17.210822400+00:00,1063.0
2026-02-11 08:15:17.410822400+00:00,381.0
2026-02-11 08:15:17.610822400+00:00,365.0
2026-02-11 08:15:17.810822400+00:00,404.0
2026-02-11 08:15:18.010822656+00:00,402.0
2026-02-11 08:15:18.210822400+00:00,357.0
2026-02-11 08:15:18.410822400+00:00,5396.0
2026-02-11 08:15:19.610822400+00:00,8491.0
2026-02-11 08:15:20.210822400+00:00,5992.0
2026-02-11 08:15:20.410822400+00:00,4954.0
2026-02-11 08:15:20.610822400+00:00,3995.0
2026-02-11 08:15:20.810822400+00:00,3070.0
2026-02-11 08:15:21.010822656+00:00,2760.0
2026-02-11 08:15:21.210822400+00:00,2027.0
2026-02-11 08:15:21.410822400+00:00,1029.0
2026-02-11 08:15:21.610822400+00:00,784.0
2026-02-11 08:15:21.810822400+00:00,496.0
2026-02-11 08:15:22.010822656+00:00,243.0
2026-02-11 08:15:22.210822400+00:00,40.3
2026-02-11 08:15:22.410822400+00:00,330.0
2026-02-11 08:15:22.610822400+00:00,647.0
2026-02-11 08:15:22.810822400+00:00,1014.0
2026-02-11 08:15:23.010822656+00:00,1382.0
2026-02-11 08:15:24.010822656+00:00,7299.0
2026-02-11 08:15:24.210822400+00:00,7538.0
2026-02-11 08:15:24.410822400+00:00,7581.0
2026-02-11 08:15:24.610822400+00:00,6608.0
2026-02-11 08:15:24.810822400+00:00,5613.0
2026-02-11 08:15:25.010822656+00:00,4614.0
2026-02-11 08:15:25.210822400+00:00,3671.0
2026-02-11 08:15:25.410822400+00:00,2564.0
2026-02-11 08:15:25.610822400+00:00,2420.0
2026-02-11 08:15:25.810822400+00:00,2473.0
2026-02-11 08:15:26.010822656+00:00,2385.0
2026-02-11 08:15:26.410822400+00:00,2031.0
2026-02-11 08:15:26.610822400+00:00,1444.0
2026-02-11 08:15:26.810822400+00:00,874.0
2026-02-11 08:15:27.010822656+00:00,464.0
2026-02-11 08:15:27.210822400+00:00,263.0
2026-02-11 08:15:27.410822400+00:00,1674.0
2026-02-11 08:15:27.610822400+00:00,4649.0
2026-02-11 08:15:29.610822400+00:00,1679.0
2026-02-11 08:15:29.810822400+00:00,691.0
2026-02-11 08:15:30.010822656+00:00,476.0
2026-02-11 08:15:30.210822400+00:00,271.0
2026-02-11 08:15:30.410822400+00:00,65.3
2026-02-11 08:15:30.610822400+00:00,253.0
2026-02-11 08:15:31.410822400+00:00,4605.0
2026-02-11 08:15:32.210822400+00:00,628.0
2026-02-11 08:15:32.410822400+00:00,424.0
2026-02-11 08:15:32.610822400+00:00,225.0
2026-02-11 08:15:32.810822400+00:00,38.1
2026-02-11 08:15:33.010822656+00:00,61.8
2026-02-11 08:15:33.210822400+00:00,51.8
2026-02-11 08:15:33.410822400+00:00,78.2
2026-02-11 08:15:33.610822400+00:00,82.9
2026-02-11 08:15:33.810822400+00:00,76.8
2026-02-11 08:15:34.010822656+00:00,93.7
2026-02-11 08:15:34.210822400+00:00,112.0
2026-02-11 08:15:34.410822400+00:00,113.0
2026-02-11 08:15:34.610822400+00:00,124.0
2026-02-11 08:15:34.810822400+00:00,390.0
2026-02-11 08:15:36.410822400+00:00,3021.0
2026-02-11 08:15:36.610822400+00:00,2019.0
2026-02-11 08:15:36.810822400+00:00,1811.0
2026-02-11 08:15:37.010822656+00:00,1525.0
2026-02-11 08:15:37.210822400+00:00,1046.0
2026-02-11 08:15:37.410822400+00:00,806.0
2026-02-11 08:15:37.610822400+00:00,637.0
2026-02-11 08:15:37.810822400+00:00,432.0
2026-02-11 08:15:38.010822656+00:00,235.0
2026-02-11 08:15:38.210822400+00:00,119.0
2026-02-11 08:15:38.410822400+00:00,29.5
2026-02-11 08:15:38.610822400+00:00,256.0
2026-02-11 08:15:38.810822400+00:00,505.0
2026-02-11 08:15:39.010822656+00:00,685.0
2026-02-11 08:15:39.210822400+00:00,932.0
2026-02-11 08:15:39.410822400+00:00,1428.0
2026-02-11 08:15:40.210822400+00:00,3327.0
2026-02-11 08:15:40.410822400+00:00,3752.0
2026-02-11 08:15:41.210822400+00:00,1910.0
2026-02-11 08:15:41.410822400+00:00,1705.0
2026-02-11 08:15:41.610822400+00:00,1208.0
2026-02-11 08:15:41.810822400+00:00,1120.0
2026-02-11 08:15:42.010822656+00:00,940.0
2026-02-11 08:15:42.210822400+00:00,750.0
2026-02-11 08:15:42.410822400+00:00,611.0
2026-02-11 08:15:42.610822400+00:00,417.0
2026-02-11 08:15:42.810822400+00:00,283.0
2026-02-11 08:15:43.010822656+00:00,123.0
2026-02-11 08:15:43.210822400+00:00,146.0
2026-02-11 08:15:43.410822400+00:00,105.0
2026-02-11 08:15:43.610822400+00:00,117.0
2026-02-11 08:15:43.810822400+00:00,107.0
2026-02-11 08:15:44.010822656+00:00,515.0
2026-02-11 08:15:44.210822400+00:00,5472.0
2026-02-11 08:15:44.410822400+00:00,7125.0
2026-02-11 08:15:48.810822400+00:00,803.0
2026-02-11 08:15:49.010822656+00:00,598.0
2026-02-11 08:15:49.210822400+00:00,420.0
2026-02-11 08:15:49.410822400+00:00,203.0
2026-02-11 08:15:49.610822400+00:00,44.9
2026-02-11 08:15:49.810822400+00:00,286.0
2026-02-11 08:15:50.010822656+00:00,573.0
2026-02-11 08:15:50.210822400+00:00,927.0
2026-02-11 08:15:50.410822400+00:00,2048.0
