timestamp,iface,rx_bytes,tx_bytes,rx_packets,tx_packets,rx_dropped,tx_dropped,backlog_bytes,backlog_pkts
2026-02-10T13:35:37.544787+00:00,s0-eth1,1006,72830024,13,1040342,0,4150,0,0
2026-02-10T13:35:37.544787+00:00,s0-eth2,48623076,48397876,694556,691342,2748,1363,0,0
2026-02-10T13:35:37.544787+00:00,s0-eth3,49548890,47933242,707777,684707,2700,1353,0,0
2026-02-10T13:35:37.544787+00:00,s0-eth4,46395020,49542720,662732,707692,2732,1363,0,0
2026-02-10T13:35:37.544787+00:00,s1-eth1,586,72828562,7,1040321,0,4150,0,0
2026-02-10T13:35:37.544787+00:00,s1-eth2,48397876,48624616,691342,694578,2726,1374,0,0
2026-02-10T13:35:37.544787+00:00,s1-eth3,49474366,48093412,706717,686988,2714,1365,0,0
2026-02-10T13:35:37.544787+00:00,s1-eth4,47377656,49159432,676762,702222,2742,1364,560,8
2026-02-10T13:35:37.544787+00:00,s10-eth1,516,72747742,6,1039163,0,4150,0,0
2026-02-10T13:35:37.544787+00:00,s10-eth2,52258732,38692056,746491,552696,2744,1347,0,0
2026-02-10T13:35:37.544787+00:00,s10-eth3,59133536,34157842,844694,487925,2478,1358,0,0
2026-02-10T13:35:37.544787+00:00,s11-eth1,516,72734976,6,1038982,0,3654,0,0
2026-02-10T13:35:37.544787+00:00,s11-eth2,51908778,52035766,741495,743303,2722,1240,0,0
2026-02-10T13:35:37.544787+00:00,s11-eth3,34160012,59133886,487956,844699,2716,1239,0,0
2026-02-10T13:35:37.544787+00:00,s11-eth4,47831926,53672786,683257,766687,2730,1238,1770,25
2026-02-10T13:35:37.544787+00:00,s11-eth5,47898976,53649936,684214,766362,2730,1238,210,3
2026-02-10T13:35:37.544787+00:00,s12-eth1,516,72719206,6,1038763,0,4150,0,0
2026-02-10T13:35:37.544787+00:00,s12-eth2,52980778,48170296,756803,688094,2720,1371,3500,50
2026-02-10T13:35:37.544787+00:00,s12-eth3,53676306,47833956,766737,683286,2476,1365,0,0
2026-02-10T13:35:37.544787+00:00,s12-eth4,49769176,49653006,710930,709271,2726,1353,0,0
2026-02-10T13:35:37.544787+00:00,s13-eth1,810,72709190,9,1038615,0,4150,0,0
2026-02-10T13:35:37.544787+00:00,s13-eth2,53541902,47968530,764821,685205,2722,1363,1120,16
2026-02-10T13:35:37.544787+00:00,s13-eth3,53650566,47901076,766371,684244,2476,1365,980,14
2026-02-10T13:35:37.544787+00:00,s13-eth4,49653006,49769876,709271,710940,2706,1363,0,0
2026-02-10T13:35:37.544787+00:00,s2-eth1,586,72845620,7,1040562,0,4100,0,0
2026-02-10T13:35:37.544787+00:00,s2-eth2,47942482,49554910,684839,707863,2706,1350,630,9
2026-02-10T13:35:37.544787+00:00,s2-eth3,48097122,49479896,687041,706796,2730,1357,0,0
2026-02-10T13:35:37.544787+00:00,s2-eth4,53454768,46866850,763574,669469,2722,1359,0,0
2026-02-10T13:35:37.544787+00:00,s3-eth1,586,72842402,7,1040519,0,4150,0,0
2026-02-10T13:35:37.544787+00:00,s3-eth2,49551148,46403560,707812,662854,2726,1366,0,0
2026-02-10T13:35:37.544787+00:00,s3-eth3,48061480,47227554,686532,674619,2730,1366,0,0
2026-02-10T13:35:37.544787+00:00,s3-eth4,38698356,52266712,552786,746604,2694,1372,0,0
2026-02-10T13:35:37.544787+00:00,s4-eth1,586,72842532,7,1040520,0,4150,0,0
2026-02-10T13:35:37.544787+00:00,s4-eth2,47227554,48063818,674619,686565,2732,1365,0,0
2026-02-10T13:35:37.544787+00:00,s4-eth3,54606068,44172552,780020,630984,2720,1364,0,0
2026-02-10T13:35:37.544787+00:00,s4-eth4,36582890,53665104,522565,766578,2734,1364,0,0
2026-02-10T13:35:37.544787+00:00,s5-eth1,586,72841998,7,1040511,0,4150,0,0
2026-02-10T13:35:37.544787+00:00,s5-eth2,46868530,53458268,669493,763624,2718,1361,0,0
2026-02-10T13:35:37.544787+00:00,s5-eth3,44172552,54606068,630984,780020,2728,1360,0,0
2026-02-10T13:35:37.544787+00:00,s5-eth4,36611358,57760486,522975,825079,2742,1360,0,0
2026-02-10T13:35:37.544787+00:00,s5-eth5,48177646,52989178,688199,756923,2742,1360,0,0
2026-02-10T13:35:37.544787+00:00,s6-eth1,586,72819658,7,1040191,0,4154,0,0
2026-02-10T13:35:37.544787+00:00,s6-eth2,53666854,36582890,766603,522565,2728,1367,0,0
2026-02-10T13:35:37.544787+00:00,s6-eth3,54020892,36340218,771660,519099,2732,1369,0,0
2026-02-10T13:35:37.544787+00:00,s7-eth1,586,72807120,7,1040012,0,4150,0,0
2026-02-10T13:35:37.544787+00:00,s7-eth2,49169302,47390466,702363,676945,2728,1371,0,0
2026-02-10T13:35:37.544787+00:00,s7-eth3,36340568,54020892,519104,771660,2738,1366,0,0
2026-02-10T13:35:37.544787+00:00,s7-eth4,54935288,44419152,784722,634504,2722,1368,0,0
2026-02-10T13:35:37.544787+00:00,s8-eth1,516,72792838,6,1039813,0,4150,0,0
2026-02-10T13:35:37.544787+00:00,s8-eth2,44419152,54935288,634504,784722,2736,1361,0,0
2026-02-10T13:35:37.544787+00:00,s8-eth3,36262816,58262408,517996,832252,2730,1362,2380,34
2026-02-10T13:35:37.544787+00:00,s8-eth4,52046076,51921378,743450,741675,2480,1361,350,5
2026-02-10T13:35:37.544787+00:00,s8-eth5,47975838,53550470,685307,764943,2726,1361,1190,17
2026-02-10T13:35:37.544787+00:00,s9-eth1,516,72775518,6,1039563,0,4150,0,0
2026-02-10T13:35:37.544787+00:00,s9-eth2,57763986,36612688,825129,522994,2720,1371,0,0
2026-02-10T13:35:37.544787+00:00,s9-eth3,58264788,36262816,832286,517996,2724,1365,0,0
2026-02-10T13:35:37.744915+00:00,s0-eth1,1104,72851122,14,1040643,0,4150,0,0
2026-02-10T13:35:37.744915+00:00,s0-eth2,48639526,48412856,694791,691556,2748,1363,0,0
2026-02-10T13:35:37.744915+00:00,s0-eth3,49562050,47947242,707965,684907,2700,1353,1260,18
2026-02-10T13:35:37.744915+00:00,s0-eth4,46410728,49558148,662956,707912,2732,1363,140,2
2026-02-10T13:35:37.744915+00:00,s1-eth1,586,72853062,7,1040671,0,4150,0,0
2026-02-10T13:35:37.744915+00:00,s1-eth2,48414326,48639526,691577,694791,2726,1374,0,0
2026-02-10T13:35:37.744915+00:00,s1-eth3,49486896,48105732,706896,687164,2714,1365,0,0
2026-02-10T13:35:37.744915+00:00,s1-eth4,47392566,49175112,676975,702446,2742,1364,0,0
2026-02-10T13:35:37.744915+00:00,s10-eth1,516,72768742,6,1039463,0,4150,0,0
2026-02-10T13:35:37.744915+00:00,s10-eth2,52273592,38703676,746702,552862,2744,1347,0,0
2026-02-10T13:35:37.744915+00:00,s10-eth3,59148536,34167222,844908,488059,2478,1358,0,0
2026-02-10T13:35:37.744915+00:00,s11-eth1,516,72755156,6,1039270,0,3654,0,0
2026-02-10T13:35:37.744915+00:00,s11-eth2,51925088,52051396,741728,743526,2722,1240,630,9
2026-02-10T13:35:37.744915+00:00,s11-eth3,34167222,59149936,488059,844928,2716,1239,0,0
2026-02-10T13:35:37.744915+00:00,s11-eth4,47844806,53687646,683441,766899,2730,1238,0,0
2026-02-10T13:35:37.744915+00:00,s11-eth5,47912066,53663726,684401,766559,2730,1238,0,0
2026-02-10T13:35:37.744915+00:00,s12-eth1,516,72740206,6,1039063,0,4150,0,0
2026-02-10T13:35:37.744915+00:00,s12-eth2,52993518,48183946,756985,688289,2720,1371,840,12
2026-02-10T13:35:37.744915+00:00,s12-eth3,53687646,47845226,766899,683447,2476,1365,0,0
2026-02-10T13:35:37.744915+00:00,s12-eth4,49779676,49665396,711080,709448,2726,1353,0,0
2026-02-10T13:35:37.744915+00:00,s13-eth1,908,72726788,10,1038866,0,4150,0,0
2026-02-10T13:35:37.744915+00:00,s13-eth2,53555510,47978428,765015,685344,2722,1363,0,0
2026-02-10T13:35:37.744915+00:00,s13-eth3,53663726,47912066,766559,684401,2476,1365,0,0
2026-02-10T13:35:37.744915+00:00,s13-eth4,49665396,49779676,709448,711080,2706,1363,0,0
2026-02-10T13:35:37.744915+00:00,s2-eth1,586,72859620,7,1040762,0,4100,0,0
2026-02-10T13:35:37.744915+00:00,s2-eth2,47949832,49563800,684944,707990,2706,1350,0,0
2026-02-10T13:35:37.744915+00:00,s2-eth3,48108392,49489836,687202,706938,2730,1357,0,0
2026-02-10T13:35:37.744915+00:00,s2-eth4,53465268,46877000,763724,669614,2722,1359,0,0
2026-02-10T13:35:37.744915+00:00,s3-eth1,586,72856422,7,1040719,0,4150,0,0
2026-02-10T13:35:37.744915+00:00,s3-eth2,49561508,46412898,707960,662987,2726,1366,0,0
2026-02-10T13:35:37.744915+00:00,s3-eth3,48070888,47236744,686666,674750,2730,1366,0,0
2026-02-10T13:35:37.744915+00:00,s3-eth4,38704586,52276322,552875,746741,2694,1372,0,0
2026-02-10T13:35:37.744915+00:00,s4-eth1,586,72853052,7,1040670,0,4150,0,0
2026-02-10T13:35:37.744915+00:00,s4-eth2,47236744,48070888,674750,686666,2732,1365,0,0
2026-02-10T13:35:37.744915+00:00,s4-eth3,54614258,44180132,780137,631092,2720,1364,0,0
2026-02-10T13:35:37.744915+00:00,s4-eth4,36587930,53671494,522637,766669,2734,1364,1470,21
2026-02-10T13:35:37.744915+00:00,s5-eth1,586,72852498,7,1040661,0,4150,0,0
2026-02-10T13:35:37.744915+00:00,s5-eth2,46877140,53465268,669616,763724,2718,1361,0,0
2026-02-10T13:35:37.744915+00:00,s5-eth3,44182022,54614258,631119,780137,2728,1360,1820,26
2026-02-10T13:35:37.744915+00:00,s5-eth4,36618288,57769026,523074,825201,2742,1360,1750,25
2026-02-10T13:35:37.744915+00:00,s5-eth5,48185136,52996948,688306,757034,2742,1360,1330,19
2026-02-10T13:35:37.744915+00:00,s6-eth1,586,72831068,7,1040354,0,4154,0,0
2026-02-10T13:35:37.744915+00:00,s6-eth2,53674182,36589050,766707,522653,2728,1367,0,0
2026-02-10T13:35:37.744915+00:00,s6-eth3,54029292,36345986,771780,519181,2732,1369,0,0
2026-02-10T13:35:37.744915+00:00,s7-eth1,586,72817620,7,1040162,0,4150,0,0
2026-02-10T13:35:37.744915+00:00,s7-eth2,49178892,47396626,702500,677033,2728,1371,0,0
2026-02-10T13:35:37.744915+00:00,s7-eth3,36345986,54029292,519181,771780,2738,1366,0,0
2026-02-10T13:35:37.744915+00:00,s7-eth4,54942078,44425690,784819,634597,2722,1368,0,0
2026-02-10T13:35:37.744915+00:00,s8-eth1,516,72803338,6,1039963,0,4150,3500,50
2026-02-10T13:35:37.744915+00:00,s8-eth2,44425690,54942176,634597,784820,2736,1361,1540,22
2026-02-10T13:35:37.744915+00:00,s8-eth3,36267716,58271228,518066,832378,2730,1362,0,0
2026-02-10T13:35:37.744915+00:00,s8-eth4,52053286,51929498,743553,741791,2480,1361,0,0
2026-02-10T13:35:37.744915+00:00,s8-eth5,47984756,53560788,685434,765090,2726,1361,490,7
2026-02-10T13:35:37.744915+00:00,s9-eth1,516,72786018,6,1039713,0,4150,0,0
2026-02-10T13:35:37.744915+00:00,s9-eth2,57772526,36618288,825251,523074,2720,1371,770,11
2026-02-10T13:35:37.744915+00:00,s9-eth3,58272908,36267716,832402,518066,2724,1365,980,14
2026-02-10T13:35:37.944972+00:00,s0-eth1,1202,72868720,15,1040894,0,4150,0,0
2026-02-10T13:35:37.944972+00:00,s0-eth2,48647786,48423706,694909,691711,2748,1363,0,0
2026-02-10T13:35:37.944972+00:00,s0-eth3,49573740,47959982,708132,685089,2700,1353,0,0
2026-02-10T13:35:37.944972+00:00,s0-eth4,46419296,49567346,663078,708043,2732,1363,0,0
2026-02-10T13:35:37.944972+00:00,s1-eth1,586,72867062,7,1040871,0,4150,0,0
2026-02-10T13:35:37.944972+00:00,s1-eth2,48423706,48647786,691711,694909,2726,1374,0,0
2026-02-10T13:35:37.944972+00:00,s1-eth3,49499216,48116092,707072,687312,2714,1365,1750,25
2026-02-10T13:35:37.944972+00:00,s1-eth4,47403976,49184492,677138,702580,2742,1364,1750,25
2026-02-10T13:35:37.944972+00:00,s10-eth1,516,72786242,6,1039713,0,4150,0,0
2026-02-10T13:35:37.944972+00:00,s10-eth2,52286122,38711376,746881,552972,2744,1347,0,0
2026-02-10T13:35:37.944972+00:00,s10-eth3,59162606,34177022,845109,488199,2478,1358,0,0
2026-02-10T13:35:37.944972+00:00,s11-eth1,516,72769996,6,1039482,0,3654,0,0
2026-02-10T13:35:37.944972+00:00,s11-eth2,51937758,52060846,741909,743661,2722,1240,3500,50
2026-02-10T13:35:37.944972+00:00,s11-eth3,34177022,59163376,488199,845120,2716,1239,910,13
2026-02-10T13:35:37.944972+00:00,s11-eth4,47855726,53699546,683597,767069,2730,1238,630,9
2026-02-10T13:35:37.944972+00:00,s11-eth5,47922636,53676326,684552,766739,2730,1238,0,0
2026-02-10T13:35:37.944972+00:00,s12-eth1,516,72754206,6,1039263,0,4150,0,0
2026-02-10T13:35:37.944972+00:00,s12-eth2,53005278,48193536,757153,688426,2720,1371,1120,16
2026-02-10T13:35:37.944972+00:00,s12-eth3,53700666,47855726,767085,683597,2476,1365,3430,49
2026-02-10T13:35:37.944972+00:00,s12-eth4,49790876,49674916,711240,709584,2726,1353,0,0
2026-02-10T13:35:37.944972+00:00,s13-eth1,1006,72744386,11,1039117,0,4150,0,0
2026-02-10T13:35:37.944972+00:00,s13-eth2,53569118,47991756,765209,685534,2722,1363,0,0
2026-02-10T13:35:37.944972+00:00,s13-eth3,53676746,47922636,766745,684552,2476,1365,0,0
2026-02-10T13:35:37.944972+00:00,s13-eth4,49676456,49790876,709606,711240,2706,1363,0,0
2026-02-10T13:35:37.944972+00:00,s2-eth1,586,72877120,7,1041012,0,4100,0,0
2026-02-10T13:35:37.944972+00:00,s2-eth2,47962222,49577240,685121,708182,2706,1350,0,0
2026-02-10T13:35:37.944972+00:00,s2-eth3,48120572,49502506,687376,707119,2730,1357,0,0
2026-02-10T13:35:37.944972+00:00,s2-eth4,53478568,46885890,763914,669741,2722,1359,0,0
2026-02-10T13:35:37.944972+00:00,s3-eth1,586,72873922,7,1040969,0,4150,0,0
2026-02-10T13:35:37.944972+00:00,s3-eth2,49571546,46424686,708103,663155,2726,1366,0,0
2026-02-10T13:35:37.944972+00:00,s3-eth3,48082326,47248742,686829,674921,2730,1366,0,0
2026-02-10T13:35:37.944972+00:00,s3-eth4,38714176,52287732,553012,746904,2694,1372,0,0
2026-02-10T13:35:37.944972+00:00,s4-eth1,586,72870552,7,1040920,0,4150,0,0
2026-02-10T13:35:37.944972+00:00,s4-eth2,47248742,48082326,674921,686829,2732,1365,0,0
2026-02-10T13:35:37.944972+00:00,s4-eth3,54628398,44191262,780339,631251,2720,1364,0,0
2026-02-10T13:35:37.944972+00:00,s4-eth4,36595938,53684220,522751,766850,2734,1364,0,0
2026-02-10T13:35:37.944972+00:00,s5-eth1,586,72869998,7,1040911,0,4150,0,0
2026-02-10T13:35:37.944972+00:00,s5-eth2,46889180,53478568,669788,763914,2718,1361,0,0
2026-02-10T13:35:37.944972+00:00,s5-eth3,44192872,54628398,631274,780339,2728,1360,0,0
2026-02-10T13:35:37.944972+00:00,s5-eth4,36626968,57782676,523198,825396,2742,1360,630,9
2026-02-10T13:35:37.944972+00:00,s5-eth5,48195146,53008358,688449,757197,2742,1360,2730,39
2026-02-10T13:35:37.944972+00:00,s6-eth1,586,72847658,7,1040591,0,4154,0,0
2026-02-10T13:35:37.944972+00:00,s6-eth2,53687580,36595938,766898,522751,2728,1367,0,0
2026-02-10T13:35:37.944972+00:00,s6-eth3,54042340,36353294,771966,519285,2732,1369,0,0
2026-02-10T13:35:37.944972+00:00,s7-eth1,586,72835120,7,1040412,0,4150,0,0
2026-02-10T13:35:37.944972+00:00,s7-eth2,49189112,47408596,702646,677204,2728,1371,0,0
2026-02-10T13:35:37.944972+00:00,s7-eth3,36353924,54042438,519294,771967,2738,1366,0,0
2026-02-10T13:35:37.944972+00:00,s7-eth4,54955574,44435868,785011,634742,2722,1368,0,0
2026-02-10T13:35:37.944972+00:00,s8-eth1,516,72820838,6,1040213,0,4150,0,0
2026-02-10T13:35:37.944972+00:00,s8-eth2,44435868,54955574,634742,785011,2736,1361,630,9
2026-02-10T13:35:37.944972+00:00,s8-eth3,36276556,58285298,518192,832579,2730,1362,1330,19
2026-02-10T13:35:37.944972+00:00,s8-eth4,52066236,51941748,743738,741966,2480,1361,1190,17
2026-02-10T13:35:37.944972+00:00,s8-eth5,47995494,53572296,685587,765254,2726,1361,0,0
2026-02-10T13:35:37.944972+00:00,s9-eth1,516,72803538,6,1039963,0,4150,0,0
2026-02-10T13:35:37.944972+00:00,s9-eth2,57783936,36626968,825414,523198,2720,1371,1960,28
2026-02-10T13:35:37.944972+00:00,s9-eth3,58286908,36276556,832602,518192,2724,1365,0,0
2026-02-10T13:35:38.144868+00:00,s0-eth1,1300,72882818,16,1041095,0,4150,0,0
2026-02-10T13:35:38.144868+00:00,s0-eth2,48661926,48433996,695111,691858,2748,1363,280,4
2026-02-10T13:35:38.144868+00:00,s0-eth3,49584240,47971252,708282,685250,2700,1353,0,0
2026-02-10T13:35:38.144868+00:00,s0-eth4,46431434,49580254,663251,708227,2732,1363,0,0
2026-02-10T13:35:38.144868+00:00,s1-eth1,586,72884562,7,1041121,0,4150,0,0
2026-02-10T13:35:38.144868+00:00,s1-eth2,48434626,48661926,691867,695111,2726,1374,0,0
2026-02-10T13:35:38.144868+00:00,s1-eth3,49510486,48126662,707233,687463,2714,1365,0,0
2026-02-10T13:35:38.144868+00:00,s1-eth4,47411606,49194782,677247,702727,2742,1364,0,0
2026-02-10T13:35:38.144868+00:00,s10-eth1,516,72800242,6,1039913,0,4150,0,0
2026-02-10T13:35:38.144868+00:00,s10-eth2,52296062,38721176,747023,553112,2744,1347,0,0
2026-02-10T13:35:38.144868+00:00,s10-eth3,59176466,34181222,845307,488259,2478,1358,0,0
2026-02-10T13:35:38.144868+00:00,s11-eth1,516,72787496,6,1039732,0,3654,0,0
2026-02-10T13:35:38.144868+00:00,s11-eth2,51948048,52072536,742056,743828,2722,1240,0,0
2026-02-10T13:35:38.144868+00:00,s11-eth3,34181222,59176466,488259,845307,2716,1239,0,0
2026-02-10T13:35:38.144868+00:00,s11-eth4,47865246,53711866,683733,767245,2730,1238,0,0
2026-02-10T13:35:38.144868+00:00,s11-eth5,47931946,53687176,684685,766894,2730,1238,0,0
2026-02-10T13:35:38.144868+00:00,s12-eth1,516,72771706,6,1039513,0,4150,0,0
2026-02-10T13:35:38.144868+00:00,s12-eth2,53016268,48205296,757310,688594,2720,1371,0,0
2026-02-10T13:35:38.144868+00:00,s12-eth3,53711866,47867416,767245,683764,2476,1365,0,0
2026-02-10T13:35:38.144868+00:00,s12-eth4,49800746,49686046,711381,709743,2726,1353,0,0
2026-02-10T13:35:38.144868+00:00,s13-eth1,1104,72758484,12,1039318,0,4150,0,0
2026-02-10T13:35:38.144868+00:00,s13-eth2,53577826,48000674,765333,685661,2722,1363,0,0
2026-02-10T13:35:38.144868+00:00,s13-eth3,53687176,47931946,766894,684685,2476,1365,0,0
2026-02-10T13:35:38.144868+00:00,s13-eth4,49686046,49800746,709743,711381,2706,1363,0,0
2026-02-10T13:35:38.144868+00:00,s2-eth1,586,72891120,7,1041212,0,4100,0,0
2026-02-10T13:35:38.144868+00:00,s2-eth2,47973912,49587110,685288,708323,2706,1350,3520,50
2026-02-10T13:35:38.144868+00:00,s2-eth3,48128762,49511396,687493,707246,2730,1357,0,0
2026-02-10T13:35:38.144868+00:00,s2-eth4,53488508,46895780,764056,669882,2722,1359,910,13
2026-02-10T13:35:38.144868+00:00,s3-eth1,586,72887922,7,1041169,0,4150,0,0
2026-02-10T13:35:38.144868+00:00,s3-eth2,49582144,46433674,708254,663283,2726,1366,0,0
2026-02-10T13:35:38.144868+00:00,s3-eth3,48091804,47257590,686964,675047,2730,1366,0,0
2026-02-10T13:35:38.144868+00:00,s3-eth4,38721526,52298092,553117,747052,2694,1372,0,0
2026-02-10T13:35:38.144868+00:00,s4-eth1,586,72884552,7,1041120,0,4150,3500,50
2026-02-10T13:35:38.144868+00:00,s4-eth2,47257590,48092294,675047,686971,2732,1365,1190,17
2026-02-10T13:35:38.144868+00:00,s4-eth3,54638408,44200712,780482,631386,2720,1364,0,0
2026-02-10T13:35:38.144868+00:00,s4-eth4,36604016,53697240,522866,767036,2734,1364,0,0
2026-02-10T13:35:38.144868+00:00,s5-eth1,586,72883998,7,1041111,0,4150,0,0
2026-02-10T13:35:38.144868+00:00,s5-eth2,46898160,53489978,669916,764077,2718,1361,0,0
2026-02-10T13:35:38.144868+00:00,s5-eth3,44200712,54640858,631386,780517,2728,1360,630,9
2026-02-10T13:35:38.144868+00:00,s5-eth4,36634248,57796676,523302,825596,2742,1360,770,11
2026-02-10T13:35:38.144868+00:00,s5-eth5,48208796,53020328,688644,757368,2742,1360,0,0
2026-02-10T13:35:38.144868+00:00,s6-eth1,586,72865158,7,1040841,0,4154,0,0
2026-02-10T13:35:38.144868+00:00,s6-eth2,53697338,36606186,767037,522897,2728,1367,0,0
2026-02-10T13:35:38.144868+00:00,s6-eth3,54052588,36360742,772112,519391,2732,1369,0,0
2026-02-10T13:35:38.144868+00:00,s7-eth1,586,72849120,7,1040612,0,4150,0,0
2026-02-10T13:35:38.144868+00:00,s7-eth2,49199192,47417136,702790,677326,2728,1371,0,0
2026-02-10T13:35:38.144868+00:00,s7-eth3,36360742,54052588,519391,772112,2738,1366,0,0
2026-02-10T13:35:38.144868+00:00,s7-eth4,54967362,44445276,785179,634876,2722,1368,0,0
2026-02-10T13:35:38.144868+00:00,s8-eth1,516,72836798,6,1040441,0,4150,0,0
2026-02-10T13:35:38.144868+00:00,s8-eth2,44445276,54969392,634876,785208,2736,1361,910,13
2026-02-10T13:35:38.144868+00:00,s8-eth3,36283276,58297618,518288,832755,2730,1362,560,8
2026-02-10T13:35:38.144868+00:00,s8-eth4,52078066,51952318,743907,742117,2480,1361,0,0
2026-02-10T13:35:38.144868+00:00,s8-eth5,48004972,53582474,685722,765399,2726,1361,0,0
2026-02-10T13:35:38.144868+00:00,s9-eth1,516,72821038,6,1040213,0,4150,0,0
2026-02-10T13:35:38.144868+00:00,s9-eth2,57799476,36635228,825636,523316,2720,1371,0,0
2026-02-10T13:35:38.144868+00:00,s9-eth3,58299018,36285796,832775,518324,2724,1365,0,0
2026-02-10T13:35:38.344913+00:00,s0-eth1,1398,72900416,17,1041346,0,4150,0,0
2026-02-10T13:35:38.344913+00:00,s0-eth2,48671026,48443446,695241,691993,2748,1363,0,0
2026-02-10T13:35:38.344913+00:00,s0-eth3,49595390,47981332,708441,685394,2700,1353,0,0
2026-02-10T13:35:38.344913+00:00,s0-eth4,46439932,49589452,663372,708358,2732,1363,0,0
2026-02-10T13:35:38.344913+00:00,s1-eth1,586,72898562,7,1041321,0,4150,0,0
2026-02-10T13:35:38.344913+00:00,s1-eth2,48443446,48671026,691993,695241,2726,1374,490,7
2026-02-10T13:35:38.344913+00:00,s1-eth3,49521126,48135342,707385,687587,2714,1365,1750,25
2026-02-10T13:35:38.344913+00:00,s1-eth4,47423926,49205002,677423,702873,2742,1364,2800,40
2026-02-10T13:35:38.344913+00:00,s10-eth1,516,72814242,6,1040113,0,4150,0,0
2026-02-10T13:35:38.344913+00:00,s10-eth2,52305932,38728036,747164,553210,2744,1347,910,13
2026-02-10T13:35:38.344913+00:00,s10-eth3,59186826,34190462,845455,488391,2478,1358,70,1
2026-02-10T13:35:38.344913+00:00,s11-eth1,516,72801496,6,1039932,0,3654,0,0
2026-02-10T13:35:38.344913+00:00,s11-eth2,51956168,52083316,742172,743982,2722,1240,0,0
2026-02-10T13:35:38.344913+00:00,s11-eth3,34190952,59186826,488398,845455,2716,1239,0,0
2026-02-10T13:35:38.344913+00:00,s11-eth4,47875746,53722366,683883,767395,2730,1238,0,0
2026-02-10T13:35:38.344913+00:00,s11-eth5,47943566,53697536,684851,767042,2730,1238,0,0
2026-02-10T13:35:38.344913+00:00,s12-eth1,516,72785706,6,1039713,0,4150,0,0
2026-02-10T13:35:38.344913+00:00,s12-eth2,53029078,48215236,757493,688736,2720,1371,0,0
2026-02-10T13:35:38.344913+00:00,s12-eth3,53722366,47875746,767395,683883,2476,1365,0,0
2026-02-10T13:35:38.344913+00:00,s12-eth4,49812786,49695776,711553,709882,2726,1353,0,0
2026-02-10T13:35:38.344913+00:00,s13-eth1,1202,72776082,13,1039569,0,4150,0,0
2026-02-10T13:35:38.344913+00:00,s13-eth2,53591924,48011202,765534,685811,2722,1363,0,0
2026-02-10T13:35:38.344913+00:00,s13-eth3,53697816,47944476,767046,684864,2476,1365,0,0
2026-02-10T13:35:38.344913+00:00,s13-eth4,49695776,49812786,709882,711553,2706,1363,0,0
2026-02-10T13:35:38.344913+00:00,s2-eth1,586,72908640,7,1041462,0,4100,0,0
2026-02-10T13:35:38.344913+00:00,s2-eth2,47982732,49598260,685414,708482,2706,1350,0,0
2026-02-10T13:35:38.344913+00:00,s2-eth3,48138492,49524276,687632,707430,2730,1357,0,0
2026-02-10T13:35:38.344913+00:00,s2-eth4,53498168,46906140,764194,670030,2722,1359,0,0
2026-02-10T13:35:38.344913+00:00,s3-eth1,586,72901922,7,1041369,0,4150,0,0
2026-02-10T13:35:38.344913+00:00,s3-eth2,49591552,46442872,708388,663414,2726,1366,0,0
2026-02-10T13:35:38.344913+00:00,s3-eth3,48102542,47265878,687117,675165,2730,1366,0,0
2026-02-10T13:35:38.344913+00:00,s3-eth4,38728946,52308802,553223,747205,2694,1372,0,0
2026-02-10T13:35:38.344913+00:00,s4-eth1,586,72902052,7,1041370,0,4150,0,0
2026-02-10T13:35:38.344913+00:00,s4-eth2,47265878,48102542,675165,687117,2732,1365,0,0
2026-02-10T13:35:38.344913+00:00,s4-eth3,54652408,44209602,780682,631513,2720,1364,0,0
2026-02-10T13:35:38.344913+00:00,s4-eth4,36612864,53708958,522992,767203,2734,1364,0,0
2026-02-10T13:35:38.344913+00:00,s5-eth1,586,72901498,7,1041361,0,4150,0,0
2026-02-10T13:35:38.344913+00:00,s5-eth2,46906140,53499988,670030,764220,2718,1361,0,0
2026-02-10T13:35:38.344913+00:00,s5-eth3,44209602,54652408,631513,780682,2728,1360,0,0
2026-02-10T13:35:38.344913+00:00,s5-eth4,36640968,57807526,523398,825751,2742,1360,0,0
2026-02-10T13:35:38.344913+00:00,s5-eth5,48216146,53032578,688749,757543,2742,1360,0,0
2026-02-10T13:35:38.344913+00:00,s6-eth1,586,72879158,7,1041041,0,4154,0,0
2026-02-10T13:35:38.344913+00:00,s6-eth2,53710806,36612934,767229,522993,2728,1367,0,0
2026-02-10T13:35:38.344913+00:00,s6-eth3,54065566,36368190,772297,519497,2732,1369,0,0
2026-02-10T13:35:38.344913+00:00,s7-eth1,586,72866620,7,1040862,0,4150,0,0
2026-02-10T13:35:38.344913+00:00,s7-eth2,49210112,47428336,702946,677486,2728,1371,280,4
2026-02-10T13:35:38.344913+00:00,s7-eth3,36368190,54065566,519497,772297,2738,1366,0,0
2026-02-10T13:35:38.344913+00:00,s7-eth4,54980242,44455524,785363,635022,2722,1368,0,0
2026-02-10T13:35:38.344913+00:00,s8-eth1,516,72852338,6,1040663,0,4150,0,0
2026-02-10T13:35:38.344913+00:00,s8-eth2,44455524,54980340,635022,785364,2736,1361,0,0
2026-02-10T13:35:38.344913+00:00,s8-eth3,36293076,58310428,518428,832938,2730,1362,0,0
2026-02-10T13:35:38.344913+00:00,s8-eth4,52088776,51962118,744060,742257,2480,1361,0,0
2026-02-10T13:35:38.344913+00:00,s8-eth5,48013190,53593982,685839,765563,2726,1361,0,0
2026-02-10T13:35:38.344913+00:00,s9-eth1,516,72835038,6,1040413,0,4150,0,0
2026-02-10T13:35:38.344913+00:00,s9-eth2,57811026,36641948,825801,523412,2720,1371,0,0
2026-02-10T13:35:38.344913+00:00,s9-eth3,58310428,36293076,832938,518428,2724,1365,0,0
2026-02-10T13:35:38.544861+00:00,s0-eth1,1496,72914514,18,1041547,0,4150,0,0
2026-02-10T13:35:38.544861+00:00,s0-eth2,48679846,48451986,695367,692115,2748,1363,0,0
2026-02-10T13:35:38.544861+00:00,s0-eth3,49605400,47991342,708584,685537,2700,1353,0,0
2026-02-10T13:35:38.544861+00:00,s0-eth4,46448640,49599000,663496,708494,2732,1363,0,0
2026-02-10T13:35:38.544861+00:00,s1-eth1,586,72913962,7,1041541,0,4150,1680,24
2026-02-10T13:35:38.544861+00:00,s1-eth2,48451986,48680616,692115,695378,2726,1374,0,0
2026-02-10T13:35:38.544861+00:00,s1-eth3,49531136,48147592,707528,687762,2714,1365,280,4
2026-02-10T13:35:38.544861+00:00,s1-eth4,47432606,49216832,677547,703042,2742,1364,140,2
2026-02-10T13:35:38.544861+00:00,s10-eth1,516,72829222,6,1040327,0,4150,0,0
2026-02-10T13:35:38.544861+00:00,s10-eth2,52317132,38735386,747324,553315,2744,1347,70,1
2026-02-10T13:35:38.544861+00:00,s10-eth3,59199846,34197392,845641,488490,2478,1358,560,8
2026-02-10T13:35:38.544861+00:00,s11-eth1,516,72815496,6,1040132,0,3654,0,0
2026-02-10T13:35:38.544861+00:00,s11-eth2,51966388,52094236,742318,744138,2722,1240,0,0
2026-02-10T13:35:38.544861+00:00,s11-eth3,34197952,59199846,488498,845641,2716,1239,0,0
2026-02-10T13:35:38.544861+00:00,s11-eth4,47886386,53730836,684035,767516,2730,1238,0,0
2026-02-10T13:35:38.544861+00:00,s11-eth5,47952946,53707126,684985,767179,2730,1238,0,0
2026-02-10T13:35:38.544861+00:00,s12-eth1,516,72799706,6,1039913,0,4150,0,0
2026-02-10T13:35:38.544861+00:00,s12-eth2,53039018,48224196,757635,688864,2720,1371,0,0
2026-02-10T13:35:38.544861+00:00,s12-eth3,53730836,47886386,767516,684035,2476,1365,0,0
2026-02-10T13:35:38.544861+00:00,s12-eth4,49823286,49704176,711703,710002,2726,1353,0,0
2026-02-10T13:35:38.544861+00:00,s13-eth1,1300,72790180,14,1039770,0,4150,0,0
2026-02-10T13:35:38.544861+00:00,s13-eth2,53601682,48020190,765673,685939,2722,1363,0,0
2026-02-10T13:35:38.544861+00:00,s13-eth3,53708946,47953086,767205,684987,2476,1365,0,0
2026-02-10T13:35:38.544861+00:00,s13-eth4,49706556,49823286,710036,711703,2706,1363,0,0
2026-02-10T13:35:38.544861+00:00,s2-eth1,586,72922640,7,1041662,0,4100,0,0
2026-02-10T13:35:38.544861+00:00,s2-eth2,47992392,49607990,685552,708621,2706,1350,0,0
2026-02-10T13:35:38.544861+00:00,s2-eth3,48148292,49533026,687772,707555,2730,1357,0,0
2026-02-10T13:35:38.544861+00:00,s2-eth4,53509718,46915660,764359,670166,2722,1359,0,0
2026-02-10T13:35:38.544861+00:00,s3-eth1,586,72915922,7,1041569,0,4150,0,0
2026-02-10T13:35:38.544861+00:00,s3-eth2,49602150,46452140,708539,663546,2726,1366,0,0
2026-02-10T13:35:38.544861+00:00,s3-eth3,48113070,47275146,687267,675297,2730,1366,3500,50
2026-02-10T13:35:38.544861+00:00,s3-eth4,38735946,52318462,553323,747343,2694,1372,3010,43
2026-02-10T13:35:38.544861+00:00,s4-eth1,586,72916052,7,1041570,0,4150,0,0
2026-02-10T13:35:38.544861+00:00,s4-eth2,47277386,48113070,675329,687267,2732,1365,0,0
2026-02-10T13:35:38.544861+00:00,s4-eth3,54663678,44217372,780843,631624,2720,1364,0,0
2026-02-10T13:35:38.544861+00:00,s4-eth4,36619822,53718856,523091,767344,2734,1364,0,0
2026-02-10T13:35:38.544861+00:00,s5-eth1,586,72915498,7,1041561,0,4150,0,0
2026-02-10T13:35:38.544861+00:00,s5-eth2,46915660,53509718,670166,764359,2718,1361,0,0
2026-02-10T13:35:38.544861+00:00,s5-eth3,44217372,54663678,631624,780843,2728,1360,0,0
2026-02-10T13:35:38.544861+00:00,s5-eth4,36647758,57819146,523495,825917,2742,1360,0,0
2026-02-10T13:35:38.544861+00:00,s5-eth5,48225036,53041958,688876,757677,2742,1360,0,0
2026-02-10T13:35:38.544861+00:00,s6-eth1,586,72893158,7,1041241,0,4154,0,0
2026-02-10T13:35:38.544861+00:00,s6-eth2,53718954,36619822,767345,523091,2728,1367,0,0
2026-02-10T13:35:38.544861+00:00,s6-eth3,54075954,36375498,772445,519601,2732,1369,0,0
2026-02-10T13:35:38.544861+00:00,s7-eth1,586,72880620,7,1041062,0,4150,0,0
2026-02-10T13:35:38.544861+00:00,s7-eth2,49218932,47437226,703072,677613,2728,1371,0,0
2026-02-10T13:35:38.544861+00:00,s7-eth3,36375498,54075954,519601,772445,2738,1366,0,0
2026-02-10T13:35:38.544861+00:00,s7-eth4,54991428,44465212,785522,635160,2722,1368,0,0
2026-02-10T13:35:38.544861+00:00,s8-eth1,516,72866338,6,1040863,0,4150,0,0
2026-02-10T13:35:38.544861+00:00,s8-eth2,44465212,54991428,635160,785522,2736,1361,0,0
2026-02-10T13:35:38.544861+00:00,s8-eth3,36299166,58320928,518515,833088,2730,1362,0,0
2026-02-10T13:35:38.544861+00:00,s8-eth4,52097876,51971778,744190,742395,2480,1361,0,0
2026-02-10T13:35:38.544861+00:00,s8-eth5,48023788,53604930,685990,765719,2726,1361,0,0
